{
  "model": "llava15",
  "bench": "chair",
  "metrics": {
    "chair_s": 0.478,
    "chair_i": 0.17532685216225277,
    "recall": 0.7475106685633002,
    "avg_len": 77.524,
    "n_images": 500
  },
  "efficiency": {
    "n_samples": 500,
    "ms_per_sample_mean": 4480.834096196108,
    "ms_per_sample_p50": 4588.487000204623,
    "ms_per_token": 57.79931500175568,
    "route_mix": {
      "easy": 298,
      "medium": 202
    },
    "etv_utilization_mean": null,
    "peak_vram_gb": 18.745574912
  },
  "predictions_file": "results\\llava15\\chair_seed2_predictions.json"
}