{
  "model": "llava15",
  "bench": "pope",
  "metrics": {
    "accuracy": 0.774,
    "precision": 0.7165437302423604,
    "recall": 0.9066666666666666,
    "f1": 0.8004708652148322,
    "yes_ratio": 0.6326666666666667
  },
  "efficiency": {
    "n_samples": 3000,
    "ms_per_sample_mean": 1088.6845690285165,
    "ms_per_sample_p50": 1110.9428000636399,
    "ms_per_token": 72.27061663758076,
    "route_mix": {
      "medium": 1512,
      "easy": 1488
    },
    "etv_utilization_mean": null,
    "peak_vram_gb": 18.655821312
  },
  "predictions_file": "results\\pope_adv_nn_predictions.json"
}