{
  "metrics": {
    "accuracy": 0.9,
    "precision": 0.8703703703703703,
    "recall": 0.94,
    "f1": 0.9038461538461539,
    "yes_ratio": 0.54
  },
  "efficiency": {
    "n_samples": 100,
    "ms_per_sample_mean": 39248.09463097714,
    "ms_per_sample_p50": 38473.46800006926,
    "ms_per_token": 2454.540001937282,
    "route_mix": {
      "medium": 100
    },
    "etv_utilization_mean": null,
    "peak_vram_gb": null
  }
}