{
  "metrics": {
    "accuracy": 0.95,
    "precision": 0.9591836734693877,
    "recall": 0.94,
    "f1": 0.9494949494949495,
    "yes_ratio": 0.49
  },
  "efficiency": {
    "n_samples": 100,
    "ms_per_sample_mean": 50498.931767027825,
    "ms_per_sample_p50": 49886.22079975903,
    "ms_per_token": 3113.374338287782,
    "route_mix": {
      "medium": 100
    },
    "etv_utilization_mean": null,
    "peak_vram_gb": null
  }
}