{
  "metrics": {
    "accuracy": 0.8,
    "precision": 0.734375,
    "recall": 0.94,
    "f1": 0.8245614035087719,
    "yes_ratio": 0.64
  },
  "efficiency": {
    "n_samples": 100,
    "ms_per_sample_mean": 53870.7706670044,
    "ms_per_sample_p50": 58080.130899790674,
    "ms_per_token": 3577.07640551158,
    "route_mix": {
      "medium": 100
    },
    "etv_utilization_mean": null,
    "peak_vram_gb": null
  }
}