{
  "model": "instructblip",
  "bench": "pope",
  "metrics": {
    "accuracy": 0.9026666666666666,
    "precision": 0.9048257372654156,
    "recall": 0.9,
    "f1": 0.9024064171122995,
    "yes_ratio": 0.49733333333333335
  },
  "efficiency": {
    "n_samples": 3000,
    "ms_per_sample_mean": 1371.1986373361822,
    "ms_per_sample_p50": 1244.7579000145197,
    "ms_per_token": 125.77880788896334,
    "route_mix": {
      "easy": 2185,
      "medium": 815
    },
    "etv_utilization_mean": null,
    "peak_vram_gb": 16.2317312
  },
  "predictions_file": "results\\instructblip\\pope_rand_predictions.json"
}