{
  "model": "instructblip",
  "bench": "pope",
  "metrics": {
    "accuracy": 0.847,
    "precision": 0.8137432188065099,
    "recall": 0.9,
    "f1": 0.8547008547008548,
    "yes_ratio": 0.553
  },
  "efficiency": {
    "n_samples": 3000,
    "ms_per_sample_mean": 1168.61350360342,
    "ms_per_sample_p50": 1045.0973003171384,
    "ms_per_token": 101.0095802353999,
    "route_mix": {
      "easy": 2137,
      "medium": 863
    },
    "etv_utilization_mean": null,
    "peak_vram_gb": 16.243347456
  },
  "predictions_file": "results\\instructblip\\pope_popular_predictions.json"
}